Product Category,Item,MRP,Offer
bakery_and_dairy,Epigamia Natural Yoghurt 400G Cup,MRP ₹220,MRP ₹220
bakery_and_dairy,Amul Salted Butter 100G Pkt,MRP ₹58,MRP ₹58
bakery_and_dairy,Amul Salted Butter 500G Pkt,MRP ₹285,MRP ₹285
bakery_and_dairy,Sprinng Plain Bread Gluten Free 200G Pack,MRP ₹230,MRP ₹230
bakery_and_dairy,Amul Taaza Toned Uht Milk 1L Tetra Pack,MRP ₹74,MRP ₹74
bakery_and_dairy,Sarda Farm A2  Milk 1L Tetra Pack,MRP ₹150,MRP ₹150
bakery_and_dairy,Epigamia Natural Yoghurt 85G Cup,MRP ₹55,MRP ₹55
bakery_and_dairy,Raw Pressery Plain Unsweetened Almond Milk 1L Tetra Pack,₹325, ₹292.5
bakery_and_dairy,Raw Pressery Plain Unsweetened Almond Milk 1L Tetra Pack,₹325, ₹292.5
bakery_and_dairy,The Bakers Dozen Sourd Dough Four Grain 100% Whole Wheat 370G Pouch,MRP ₹235,MRP ₹235
bakery_and_dairy,Epigamia Greek Yogurt Strawberry 90G Cup,MRP ₹55,MRP ₹55
bakery_and_dairy,Lurpak Salted Butter 200G Pack,MRP ₹695,MRP ₹695
bakery_and_dairy,Haribol A2 Malai Paneer  Made From Desi Cow Milk,₹160, ₹150
bakery_and_dairy,Epigamia Blueberry Yoghurt 85G Cup,MRP ₹55,MRP ₹55
bakery_and_dairy,Lurpak Danish Butter Unsalted 200G Pack,MRP ₹695,MRP ₹695
bakery_and_dairy,Natures Guacamole Pc 200G,MRP ₹499,MRP ₹499
bakery_and_dairy,Id Natural Paneer 200G Pack,MRP ₹130,MRP ₹130
bakery_and_dairy,Id Natural Paneer 200G Pack,MRP ₹130,MRP ₹130
bakery_and_dairy,Yakult Probiotic Health Drink 325Ml Pouch,MRP ₹80,MRP ₹80
bakery_and_dairy,Sorrentina Italian Garlic Bread 150 G,₹129, ₹109
bakery_and_dairy,The Bakers Dozen Country Sourdough 400G Box,MRP ₹159,MRP ₹159
bakery_and_dairy,Arla Whipping Cream 200Ml,MRP ₹475,MRP ₹475
bakery_and_dairy,Murginns Fresh And Firm Tofu 200G Pack,MRP ₹100,MRP ₹100
bakery_and_dairy,Nutoras Natural Cowmilk Paneer 200G Pack,MRP ₹110,MRP ₹110
bakery_and_dairy,Sprinng Multiseed Bread 200G Pouch,MRP ₹240,MRP ₹240
bakery_and_dairy,Epigamia Mango Yoghurt 85G Cup,MRP ₹55,MRP ₹55
bakery_and_dairy,Arla Whipping Cream 1L,₹1425, ₹1225
bakery_and_dairy,Amul Lactose Free Drink 250Ml Tetra Pack,MRP ₹25,MRP ₹25
bakery_and_dairy,Yakult Light Probiotic Drink Pack (5N X 65Ml),MRP ₹95,MRP ₹95
bakery_and_dairy,Yakult Light Probiotic Drink Pack (5N X 65Ml),MRP ₹95,MRP ₹95
bakingingredients_and_tools,Natures American Almonds 1Kg,MRP ₹1299,MRP ₹1299
bakingingredients_and_tools,Ha Bn Chilean Walnuts,MRP ₹625,MRP ₹625
bakingingredients_and_tools,Ha Bn Mamra Almonds,MRP ₹1200,MRP ₹1200
bakingingredients_and_tools,Healthy Alternatives Walnut Kernel 250G Pouch,MRP ₹768,MRP ₹768
bakingingredients_and_tools,Arla Whipping Cream 200Ml,MRP ₹475,MRP ₹475
bakingingredients_and_tools,Arla Whipping Cream 1L,₹1425, ₹1225
bakingingredients_and_tools,Sprig Nat Bourbon Vanilla Extrct 100Ml,MRP ₹899,MRP ₹899
bakingingredients_and_tools,Natures Cashew Whole 240 500G,MRP ₹999,MRP ₹999
bakingingredients_and_tools,Amul Fresh Cream Milk 250Ml Tetra Pack,MRP ₹68,MRP ₹68
bakingingredients_and_tools,Puck Whipping Cream 250G Can,MRP ₹1099,MRP ₹1099
bakingingredients_and_tools,Natures Pistachio Irani 500G,MRP ₹1219,MRP ₹1219
bakingingredients_and_tools,Natures Pistachio Irani 500G,MRP ₹1219,MRP ₹1219
bakingingredients_and_tools,Natures American Almond 500G,MRP ₹649,MRP ₹649
bakingingredients_and_tools,Healthy Alternatives Almond Mamra 250G Pouch,MRP ₹1189,MRP ₹1189
bakingingredients_and_tools,Amul Fresh Cream 1L Tetra Pack,MRP ₹220,MRP ₹220
bakingingredients_and_tools,Ha Bn American Almonds Premium,MRP ₹400,MRP ₹400
bakingingredients_and_tools,Natures Pista Irani 250G,MRP ₹649,MRP ₹649
bakingingredients_and_tools,Natures Cashew Whole 210 250G,MRP ₹529,MRP ₹529
bakingingredients_and_tools,Natures Almond American 250G,MRP ₹649,MRP ₹649
bakingingredients_and_tools,Natures Almond American 250G,MRP ₹349,MRP ₹349
bakingingredients_and_tools,Healthy Alternatives Pinenuts 100G,MRP ₹1119,MRP ₹1119
bakingingredients_and_tools,Ha Bn Cashew240,MRP ₹500,MRP ₹500
bakingingredients_and_tools,Ha Bn Pista Aaa Without Shell,MRP ₹1125,MRP ₹1125
bakingingredients_and_tools,Ha Bn Pistas Kernel,MRP ₹950,MRP ₹950
bakingingredients_and_tools,Lunedemiel Maple Syrup 250G Bottle,MRP ₹895,MRP ₹895
bakingingredients_and_tools,Ha Bn American Almonds,MRP ₹337.5,MRP ₹337.5
bakingingredients_and_tools,Ha Bn Cashew320,MRP ₹412.5,MRP ₹412.5
bakingingredients_and_tools,Nourish Organics Omega Seed Mix 150G Pouch,MRP ₹250,MRP ₹250
bakingingredients_and_tools,Truefarm Organic Roasted Mixed Nuts 250G Tin,₹750, ₹712.5
bakingingredients_and_tools,Natures Kismis - Raisin Black 200G,MRP ₹229,MRP ₹229
beverages,Perrier Carbonated Water 330Ml Bottle,MRP ₹165,MRP ₹165
beverages,Raw Pressery Orange Juice1l Tetra Pack,MRP ₹350,MRP ₹350
beverages,Davidoff Rich Aroma Instant Coffee 100G Bottle,MRP ₹650,MRP ₹650
beverages,Himalaya Natural Mineral Water 1L Bottle,MRP ₹70,MRP ₹70
beverages,Davidoff Espresso 57 Intense Instant Coffee 100G Bottle,MRP ₹650,MRP ₹650
beverages,Raw Pressery Orange Juice 250Ml Bottle,MRP ₹120,MRP ₹120
beverages,PRIME TROPICALPUNCH HYDRATION DRINK500ML,MRP ₹1050,MRP ₹1050
beverages,Tea Culture Skin Glow,MRP ₹19900,MRP ₹19900
beverages,Perrier Carbonated Water 750Ml Bottle,MRP ₹275,MRP ₹275
beverages,PRIME BLUE RASPBERRY HYDRATION DRINK 500,MRP ₹1050,MRP ₹1050
beverages,Tea Culture Throat Rescue Loose Tea,MRP ₹15900,MRP ₹15900
beverages,PRIME ICE POP SUCETTE GLACEE HYDRATION D,MRP ₹1050,MRP ₹1050
beverages,Davidoff Fine Aroma Instant Coffee 100G Bottle,MRP ₹650,MRP ₹650
beverages,Raw Pressery Coconut Water 200 Ml,MRP ₹60,MRP ₹60
beverages,Evian Natural Mineral Water 500Ml,MRP ₹150,MRP ₹150
beverages,Evian Natural Mineral Water 500Ml,MRP ₹150,MRP ₹150
beverages,Raw Pressery Pomegranate Juice1l Tetra Pack,MRP ₹450,MRP ₹450
beverages,Only Earth Oats Milk Unsweetened 1L Tetrapack,MRP ₹295,MRP ₹295
beverages,Tea Culture Masala Chai Ctc Loose Tea,MRP ₹3500,MRP ₹3500
beverages,PRIME LEMON LIME HYDRATION DRINK 50,MRP ₹1050,MRP ₹1050
beverages,Raw Pressery Mango Juice 1L Bottle,MRP ₹250,MRP ₹250
beverages,Tea Culture Masala Chai Loose Tea,MRP ₹13900,MRP ₹13900
beverages,Raw Pressery Coconut Water 200Ml Bottle Pack Of 6,MRP ₹360,MRP ₹360
beverages,Raw Pressery Cold Extracted Great Fruit Juice 1L Bottle,MRP ₹500,MRP ₹500
beverages,Tea Culture Detox Loose Tea,MRP ₹15100,MRP ₹15100
beverages,Tea Culture Jasmine Pearls Loose Tea,MRP ₹29300,MRP ₹29300
beverages,Cohoma Original Roasted Coffee 250G Can,MRP ₹685,MRP ₹685
beverages,Tea Culture Weight Loss,MRP ₹29500,MRP ₹29500
beverages,Raw Pressery Sugarcane Juice 1L Tetra Pack,MRP ₹250,MRP ₹250
beverages,Tea Culture Stressbuster Loose Tea,MRP ₹17000,MRP ₹17000
breakfast_jams_honey_spreads,Conscious Food Wild Forest Honey 200G Bottle,₹240, ₹228
breakfast_jams_honey_spreads,Nutella Hazelnut  Spread 180G Jar,MRP ₹239,MRP ₹239
breakfast_jams_honey_spreads,Conscious Food Wild Forest Honey 500G Jar,₹480, ₹456
breakfast_jams_honey_spreads,Id 100% Authentic Fresh Batter Idly And Dosa 1Kg Pouch,MRP ₹90,MRP ₹90
breakfast_jams_honey_spreads,Wingreens Original Olive Hummus 150G,₹200, ₹134
breakfast_jams_honey_spreads,Bobs Red Mill Gluten Free Roled Oat 907G Pouch,MRP ₹1330,MRP ₹1330
breakfast_jams_honey_spreads,Nutella Hazelnut  Spread 350G Jar,MRP ₹399,MRP ₹399
breakfast_jams_honey_spreads,Wingreens Farms Basil Pesto 150G,MRP ₹250,MRP ₹250
breakfast_jams_honey_spreads,The Whole Truth Double Cocoa Protein Bar 52G Packet,MRP ₹100,MRP ₹100
breakfast_jams_honey_spreads,The Whole Truth Nuts Fruits & Seeds Breakfast Muesli 350G Packet,MRP ₹325,MRP ₹325
breakfast_jams_honey_spreads,The Whole Truth Choco Variety Protein Bars 312G Box (Pack Of 6),MRP ₹600,MRP ₹600
breakfast_jams_honey_spreads,Conscious Food Himalayan Multi Flora Honey 200G Jar,₹680, ₹612
breakfast_jams_honey_spreads,Healthy Alternatives Rolled Oats500g,MRP ₹215,MRP ₹215
breakfast_jams_honey_spreads,Sorrentina Italian Garlic Hummus 200 G,₹299, ₹259
breakfast_jams_honey_spreads,Wingreens Farms Dill Tzatziki 150G,MRP ₹200,MRP ₹200
breakfast_jams_honey_spreads,Wingreens Farms Garlic Dip 150G,₹200, ₹134
breakfast_jams_honey_spreads,The Whole Truth Cranberry Protein Bar 52G Packet,MRP ₹100,MRP ₹100
breakfast_jams_honey_spreads,The Whole Truth Choco Fruit Cruch  Muesli 350G Packet,MRP ₹325,MRP ₹325
breakfast_jams_honey_spreads,Ferrero Nutella 750G,MRP ₹769,MRP ₹769
breakfast_jams_honey_spreads,Wingreens Farms Cheesy Jalapeno Sauce 130G Tube,MRP ₹250,MRP ₹250
breakfast_jams_honey_spreads,Wingreens Farms Chipotle Dip Spread Dressing 180G,₹200, ₹134
breakfast_jams_honey_spreads,Saucery Aglio Olio Sauce 200G,MRP ₹290,MRP ₹290
breakfast_jams_honey_spreads,Heinz Organic Tomato Ketchup Top Down 580Ml Bottle,MRP ₹1195,MRP ₹1195
breakfast_jams_honey_spreads,Wingreens Farms Peri Peri Hummus Dip Spread 150G,MRP ₹200,MRP ₹200
breakfast_jams_honey_spreads,Ritebite Max Prot Ult Choberry 100G,MRP ₹175,MRP ₹175
breakfast_jams_honey_spreads,The Whole Truth Peanut Cocao Protein Bar 52G Packet,MRP ₹100,MRP ₹100
breakfast_jams_honey_spreads,Bobs Red Mill Extra Thick Rolled Oats 907G Pouch,MRP ₹830,MRP ₹830
breakfast_jams_honey_spreads,Ritebite Max Protein Daily (10G Protein) Prawns Bars 100G Packet,MRP ₹175,MRP ₹175
breakfast_jams_honey_spreads,Wingreens Peri Garlic Dip 150G,MRP ₹200,MRP ₹200
breakfast_jams_honey_spreads,Sorrentina Sun-Dried Tomato Pesto 200G,₹299, ₹259
chocolates_confectionary_and_desserts,Ferrero Rocher Gift Pack 200G (16 Pc),MRP ₹549,MRP ₹549
chocolates_confectionary_and_desserts,Ferrero Rocher Gift Pack 300G (16 Pc),MRP ₹929,MRP ₹929
chocolates_confectionary_and_desserts,Ferrero Rocher 4 Pralines Perfect Little Treat 50G,MRP ₹159,MRP ₹159
chocolates_confectionary_and_desserts,Lindt Napolitains Assorted Chocolate 350G Box,MRP ₹1600,MRP ₹1600
chocolates_confectionary_and_desserts,Lindt Lindor Assorted 200G,MRP ₹800,MRP ₹800
chocolates_confectionary_and_desserts,Lindt Lindor Balls Milk Chocolate 200G,MRP ₹800,MRP ₹800
chocolates_confectionary_and_desserts,Haagen Dazs Ice Cream Belgian Chocolate 473Ml,MRP ₹820,MRP ₹820
chocolates_confectionary_and_desserts,Lindt Excellence 70% Cocoa Dark 100G,MRP ₹400,MRP ₹400
chocolates_confectionary_and_desserts,Lindt 90% Cocoa Dark Supreme Noir Chocolate Bar 100G,MRP ₹450,MRP ₹450
chocolates_confectionary_and_desserts,Kwality Walls Magnum Almond Ice Cream 80Ml,MRP ₹99,MRP ₹99
chocolates_confectionary_and_desserts,The Whole Truth Fruit & Nut Milk Chocolate 50G Box,MRP ₹99,MRP ₹99
chocolates_confectionary_and_desserts,Minus 30 Ice Cream - Espresso Vegan N Sugar Free Tub 500 Ml,MRP ₹1000,MRP ₹1000
chocolates_confectionary_and_desserts,Lindt Excellence Sea Salt Dark Chocolate 100G,MRP ₹400,MRP ₹400
chocolates_confectionary_and_desserts,Lindt Lindor Dark Chocolates 200G,MRP ₹1050,MRP ₹1050
chocolates_confectionary_and_desserts,Kwality Walls Magnum Truffle Ice Cream 80Ml,MRP ₹99,MRP ₹99
chocolates_confectionary_and_desserts,Lindt Excellence Orange Intense Dark Chocolate 100G,MRP ₹400,MRP ₹400
chocolates_confectionary_and_desserts,The Whole Truth No Added Sugar 71% Cocao Dark Chocolate Bar 80G Pack,MRP ₹199,MRP ₹199
chocolates_confectionary_and_desserts,Minus 30 Ice Cream - Dark Choc Vegan N Sugar Free Tub 500 Ml,MRP ₹1000,MRP ₹1000
chocolates_confectionary_and_desserts,The Bakers Dozen Banana Walnut Cake 300G,MRP ₹309,MRP ₹309
chocolates_confectionary_and_desserts,The Bakers Dozen Banana Walnut Cake 300G,MRP ₹309,MRP ₹309
chocolates_confectionary_and_desserts,The Whole Truth No Added Sugar 70% Cocoa Sea Salt Dark Chocolate Bar 80G Pack,MRP ₹229,MRP ₹229
chocolates_confectionary_and_desserts,Tbh Beetroot & Himlayan Rock Salt 70G,MRP ₹149,MRP ₹149
chocolates_confectionary_and_desserts,London Dairy Ice Cream Premium Vanilla Family Pack 1L Tub,MRP ₹990,MRP ₹990
chocolates_confectionary_and_desserts,The Bakers Dozen Banana Walnut Cake 135G Box,MRP ₹185,MRP ₹185
chocolates_confectionary_and_desserts,Kwality Walls Magnum Brownie Ice Cream 80Ml Pouch,MRP ₹99,MRP ₹99
chocolates_confectionary_and_desserts,Lindt Les Grandes 34% Hazelnut Milk Chocolate 150G,MRP ₹600,MRP ₹600
chocolates_confectionary_and_desserts,Haribo Chamallows Pink & White 140G Pouch,MRP ₹225,MRP ₹225
chocolates_confectionary_and_desserts,London Dairy Premium Vanilla 500Ml,MRP ₹550,MRP ₹550
chocolates_confectionary_and_desserts,Minus 30 Ice Cream - Coconut Vegan N Sugar Free Tub 500 Ml,MRP ₹1000,MRP ₹1000
chocolates_confectionary_and_desserts,Haagen Dazs Belgian Chocolate Ice Cream 100Ml Tub,MRP ₹250,MRP ₹250
delicatessen_and_cheese,Prasuma Streaky Bacon 150G Pouch,MRP ₹395,MRP ₹395
delicatessen_and_cheese,Zanetti Gran Spicco Hard Cheese 200G,MRP ₹995,MRP ₹995
delicatessen_and_cheese,Haribol A2 Malai Paneer  Made From Desi Cow Milk,₹160, ₹150
delicatessen_and_cheese,Rosenborg Danish Brie Cheese 125G Box,MRP ₹585,MRP ₹585
delicatessen_and_cheese,Dlecta Feta 250G,₹250, ₹229
delicatessen_and_cheese,Arla Cheese Gouda 150G Pouch,MRP ₹715,MRP ₹715
delicatessen_and_cheese,Dlecta Cheese Feta 100G Pack,₹120, ₹111
delicatessen_and_cheese,Dlecta Parmesan Extra Hard Cheese Block 100G Pouch,MRP ₹300,MRP ₹300
delicatessen_and_cheese,Arla Mozzarella Cheese Block 2.3Kg Pack,MRP ₹290,MRP ₹290
delicatessen_and_cheese,Id Natural Paneer 200G Pack,MRP ₹130,MRP ₹130
delicatessen_and_cheese,Id Natural Paneer 200G Pack,MRP ₹130,MRP ₹130
delicatessen_and_cheese,Amul Cheese Slice 200G Pkt,MRP ₹145,MRP ₹145
delicatessen_and_cheese,Beretta Prosciutto Crudo 100G Pouch,MRP ₹835,MRP ₹835
delicatessen_and_cheese,Murginns Fresh And Firm Tofu 200G Pack,MRP ₹100,MRP ₹100
delicatessen_and_cheese,Dlecta Cream Cheese 150G Tub,₹200, ₹189
delicatessen_and_cheese,Nutoras Natural Cowmilk Paneer 200G Pack,MRP ₹110,MRP ₹110
delicatessen_and_cheese,El Pastor Goat Chese Rindles Fresh 850G,MRP ₹660,MRP ₹660
delicatessen_and_cheese,Bauwens Tradtional Honey Roasted Ham 5Kg Pack,MRP ₹1250,MRP ₹1250
delicatessen_and_cheese,Dlecta Cheese Cheddar Slice 200G Pack,₹220, ₹199
delicatessen_and_cheese,Nutoras Cheese Parmesan Block 100G Pack,MRP ₹310,MRP ₹310
delicatessen_and_cheese,Nutoras Cheese Parmesan Block 100G Pack,MRP ₹310,MRP ₹310
delicatessen_and_cheese,Beretta Salami Milano 100G Pack,MRP ₹725,MRP ₹725
delicatessen_and_cheese,Landana Premium Dutch Gouda 4.5Kg,MRP ₹278.4,MRP ₹278.4
delicatessen_and_cheese,Landana Gouda With Chilli Sambal 4.5Kg,MRP ₹610,MRP ₹610
delicatessen_and_cheese,Colliers Cheddar Yellow Cheese Block 2.5Kg,MRP ₹248,MRP ₹248
delicatessen_and_cheese,Arla Shredded Mozzarella 175G Pouch,MRP ₹650,MRP ₹650
delicatessen_and_cheese,Prasuma Smoked Bacon Cubes 200G Pouch,MRP ₹360,MRP ₹360
delicatessen_and_cheese,Wingreens Original Olive Hummus 150G,₹200, ₹134
delicatessen_and_cheese,Dlecta Cream Cheese 1Kg,₹880, ₹829
delicatessen_and_cheese,Dlecta Cheese Cheddar Block 200G Pack,₹220, ₹189
fruits_and_vegetables,Avocado Pack 3Pc (Approx 550-700G),₹499, ₹479
fruits_and_vegetables,Blueberries Imported Combo Pack (125 Gm*2 Punnets),₹599, ₹499
fruits_and_vegetables,Blueberries Imported 500 Gm,₹1279, ₹1199
fruits_and_vegetables,Apple Royal Gala,MRP ₹249.5,MRP ₹249.5
fruits_and_vegetables,Raspberry Indian 125 Gm Punnet,₹449, ₹399
fruits_and_vegetables,Pomegranate Red,MRP ₹249.5,MRP ₹249.5
fruits_and_vegetables,Orange Mandarins Combo (Approx 900 - 1000G),MRP ₹539,MRP ₹539
fruits_and_vegetables,Pears Beauty Imported,MRP ₹249.5,MRP ₹249.5
fruits_and_vegetables,Broccoli Pc (Approx 250 - 350G),₹99, ₹79
fruits_and_vegetables,Imported Avocado Pc,MRP ₹429,MRP ₹429
fruits_and_vegetables,Elaichi Banana,MRP ₹54.75,MRP ₹54.75
fruits_and_vegetables,Apple Fuji,MRP ₹274.5,MRP ₹274.5
fruits_and_vegetables,APPLE PINK LADY 4 PC PACK,₹279, ₹249
fruits_and_vegetables,Tangerine,MRP ₹114.5,MRP ₹114.5
fruits_and_vegetables,Mushroom Button 200G,MRP ₹55,MRP ₹55
fruits_and_vegetables,Apple Red Delicious Washington,MRP ₹299.5,MRP ₹299.5
fruits_and_vegetables,Imported Blueberry,MRP ₹349,MRP ₹349
fruits_and_vegetables,Tomato,MRP ₹29.5,MRP ₹29.5
fruits_and_vegetables,Kiwi Green 3Pc [1 Pack],₹219, ₹199
fruits_and_vegetables,Imported Red Globe Grapes,₹69.8, ₹59.8
fruits_and_vegetables,Italian Lemon,₹82.35, ₹74.85
fruits_and_vegetables,Natures Spinach 200 Gm,MRP ₹59,MRP ₹59
fruits_and_vegetables,Capsicum Red,MRP ₹349,MRP ₹349
fruits_and_vegetables,Apple Pink Lady,MRP ₹419,MRP ₹419
fruits_and_vegetables,Apple Pink Lady,MRP ₹419,MRP ₹419
fruits_and_vegetables,AVOCADO HASS IMPORTED PACK (2PC-450-500G),MRP ₹799,MRP ₹799
fruits_and_vegetables,Natures Cherry Tomato Red 200 Gm,MRP ₹65,MRP ₹65
fruits_and_vegetables,Natures Baby Spinach 200 Gm,MRP ₹55,MRP ₹55
fruits_and_vegetables,Dragon Fruit Red Flesh 1Pc (Approx 250-300G),₹119, ₹109
fruits_and_vegetables,Onion,MRP ₹34.5,MRP ₹34.5
gourmetplatters,Nb Classy Cheese Platter,MRP ₹1500,MRP ₹1500
gourmetplatters,Cheese And Me,MRP ₹399,MRP ₹399
gourmetplatters,Nb Premium Cheese Platter,MRP ₹4000,MRP ₹4000
gourmetplatters,Meat Platter Turkey - 699,MRP ₹699,MRP ₹699
gourmetplatters,Meat Platter Chicken & Turkey - 999,MRP ₹999,MRP ₹999
gourmetplatters,Meat Platter Chicken Turkey Pork - 899,MRP ₹899,MRP ₹899
gourmetplatters,Get Fetagoudapepper Jackbrie In One Box,MRP ₹799,MRP ₹799
gourmetplatters,Meat Platter Chicken & Pork - 799,MRP ₹799,MRP ₹799
gourmetplatters,Meat Platter Chicken - 399,MRP ₹399,MRP ₹399
gourmetplatters,Mini Party Platter,MRP ₹699,MRP ₹699
gourmetplatters,Meat Platter Pork - 699,MRP ₹699,MRP ₹699
gourmetplatters,Meat Platter Chicken & Turkey Pork - 1199,MRP ₹1199,MRP ₹1199
grocery,Parsi Dairy Cows Ghee 1 L,MRP ₹1245,MRP ₹1245
grocery,Parsi Dairy Cows Ghee 1 L,MRP ₹1245,MRP ₹1245
grocery,Natures American Almonds 1Kg,MRP ₹1299,MRP ₹1299
grocery,Conscious Food Gir Cow Ghee 500Ml Jar,₹2250, ₹2137.5
grocery,Parsi Dairy Cows Ghee 500 Ml,MRP ₹650,MRP ₹650
grocery,Parsi Dairy Cows Ghee 500 Ml,MRP ₹650,MRP ₹650
grocery,Conscious Food Desi A2 Cowghee 1L Bottle,₹2190, ₹2080.5
grocery,Healthy Alternatives Organic Walnut Kernel 500G Pouch,MRP ₹1399,MRP ₹1399
grocery,Dry Fruits Gift 400G Box,MRP ₹375,MRP ₹375
grocery,Ha Bn Chilean Walnuts,MRP ₹625,MRP ₹625
grocery,Colavita Extra Virgin Olive Oil 1L Bottle,MRP ₹2495,MRP ₹2495
grocery,Ha Bn Mamra Almonds,MRP ₹1200,MRP ₹1200
grocery,Conscious Food Wild Forest Honey 500G Jar,₹480, ₹456
grocery,Medjoul Super Jumbo Dates,MRP ₹3440,MRP ₹3440
grocery,Borges Olive Oil Glass Bottle 1 L,₹1350, ₹1170
grocery,Healthy Alternatives Walnut Kernel 250G Pouch,MRP ₹768,MRP ₹768
grocery,Natures Figs 250G Pouch,MRP ₹1119,MRP ₹1119
grocery,Borges Extra Virgin Olive Oil 2L Pet,MRP ₹2700,MRP ₹2700
grocery,Concious Food Desi Cow Ghee 500Ml Jar,MRP ₹1090,MRP ₹1090
grocery,Colavita Extra Virg Olive Oil Pet 500Ml,MRP ₹1495,MRP ₹1495
grocery,Ha Bn Anjeer Aaa,MRP ₹900,MRP ₹900
grocery,Helthy Alternative Dates Medjoul 300G Box,MRP ₹649,MRP ₹649
grocery,Borges Extra Virgin Olive Oil Pet 500Ml,MRP ₹1050,MRP ₹1050
grocery,Borges Extra Virgin Olive Oil Jar 250Ml,₹400, ₹364
grocery,Healthy Alternatives Saudi Dates 500G Box,MRP ₹699,MRP ₹699
grocery,Natures Cashew Whole 240 500G,MRP ₹999,MRP ₹999
grocery,Ha Bn Khajoor Medjul,MRP ₹624.75,MRP ₹624.75
grocery,Black And Green Avocado Oil 500Ml Bottle,MRP ₹1599,MRP ₹1599
grocery,Healthy Alternatives  Almond Flour 400G Pouch,MRP ₹1420,MRP ₹1420
grocery,Ajwa Dates,MRP ₹2560,MRP ₹2560
health_and_wellness,Sprinng Plain Bread Gluten Free 200G Pack,MRP ₹230,MRP ₹230
health_and_wellness,Raw Pressery Plain Unsweetened Almond Milk 1L Tetra Pack,₹325, ₹292.5
health_and_wellness,Raw Pressery Plain Unsweetened Almond Milk 1L Tetra Pack,₹325, ₹292.5
health_and_wellness,Healthy Alternatives Organic Walnut Kernel 500G Pouch,MRP ₹1399,MRP ₹1399
health_and_wellness,Amul Lactose Free Drink 250Ml Tetra Pack,MRP ₹25,MRP ₹25
health_and_wellness,Organic Tomato 500G,MRP ₹55,MRP ₹55
health_and_wellness,Epigamia Almond Drink Unsweetened 1L Tetra Pack,₹325, ₹260
health_and_wellness,Organic Ginger 250G,MRP ₹189,MRP ₹189
health_and_wellness,So Good Un Sweetened Almond Milk 1L Tetra Pack,₹300, ₹270
health_and_wellness,Akshayakalpa Organic Malai Paneer 200G,₹150, ₹140
health_and_wellness,Akshayakalpa Organic Malai Paneer 200G,₹150, ₹140
health_and_wellness,Minus 30 Ice Cream - Espresso Vegan N Sugar Free Tub 500 Ml,MRP ₹1000,MRP ₹1000
health_and_wellness,Raw Pressery Cacao Almond Milk 1L Tetra Pack,MRP ₹325,MRP ₹325
health_and_wellness,Raw Pressery Cacao Almond Milk 1L Tetra Pack,MRP ₹325,MRP ₹325
health_and_wellness,Wellbeing Nutrition Melts Restful Sleep Box (Pack Of 30 Oral Strips),MRP ₹649,MRP ₹649
health_and_wellness,Minus 30 Ice Cream - Dark Choc Vegan N Sugar Free Tub 500 Ml,MRP ₹1000,MRP ₹1000
health_and_wellness,So Good Unsweetened Almond Milk 200Ml Tetra Pack,MRP ₹75,MRP ₹75
health_and_wellness,Organic Onion 500G,MRP ₹79,MRP ₹79
health_and_wellness,Heinz Organic Tomato Ketchup Top Down 580Ml Bottle,MRP ₹1195,MRP ₹1195
health_and_wellness,Dr. Schar Gluten Free Crackers 210G,MRP ₹585,MRP ₹585
health_and_wellness,Organic French Beans 250G,MRP ₹69,MRP ₹69
health_and_wellness,Organic Carrot 250G,MRP ₹59,MRP ₹59
health_and_wellness,Organic Potato 500G,MRP ₹65,MRP ₹65
health_and_wellness,Minus 30 Ice Cream - Coconut Vegan N Sugar Free Tub 500 Ml,MRP ₹1000,MRP ₹1000
health_and_wellness,Organic Okra/Lady Finger 250G,MRP ₹65,MRP ₹65
health_and_wellness,Mooz Vegetable Tofu Organic Soya Paneer 200G Pack,MRP ₹110,MRP ₹110
health_and_wellness,Chicnutrix Glow Tube Bottle,MRP ₹1980,MRP ₹1980
health_and_wellness,Conscious Food Organic Amaranth / Rajgira Flour 500G Bag,MRP ₹185,MRP ₹185
health_and_wellness,Organic Coriander 250G,MRP ₹119,MRP ₹119
health_and_wellness,Organic Garlic 250G,MRP ₹149,MRP ₹149
kitchenaids_and_accessories,TEA CULTURE OUR BEST FOUR,MRP ₹1500,MRP ₹1500
kitchenaids_and_accessories,Tea Culture Mesh Ball,MRP ₹350,MRP ₹350
kitchenaids_and_accessories,Tea Culture Kamjove Glass Art Tea Cup,MRP ₹1500,MRP ₹1500
kitchenaids_and_accessories,TEA CULTURE THE MELANGE BOX,MRP ₹1600,MRP ₹1600
kitchenaids_and_accessories,TEA CULTURE KEEP SAKE,MRP ₹1600,MRP ₹1600
kitchenaids_and_accessories,"Origami Toothpicks,500 Units",MRP ₹180,MRP ₹180
kitchenaids_and_accessories,Origami Sosoft Toilet Roll-Pack Of 10,MRP ₹520,MRP ₹520
kitchenaids_and_accessories,"Origami So Soft Tissue Box,200 Pulls",MRP ₹175,MRP ₹175
kitchenaids_and_accessories,"Origami Paper Lam Plates, 50S",MRP ₹300,MRP ₹300
kitchenaids_and_accessories,ORIGAMI SOSOFT PARTY NAPKIN 32CM 20U,MRP ₹95,MRP ₹95
kitchenaids_and_accessories,Tea Culture 50 Gram Metal Tea Tin,MRP ₹150,MRP ₹150
kitchenaids_and_accessories,So Soft Wet Wipes 25 Pulls,MRP ₹95,MRP ₹95
kitchenaids_and_accessories,Tea Culture 100 Gram Metal Tea Tin,MRP ₹165,MRP ₹165
kitchenaids_and_accessories,TCW PLASTIC COFFEE RED POUROVER 4CUPS1PC,MRP ₹780,MRP ₹780
kitchenaids_and_accessories,TCW POUROVER PAPER FILTER 40PC BROWN1PK,MRP ₹440,MRP ₹440
meats_seafood_and_eggs,Farm Made Free Range Eggs 12Pcs,MRP ₹289,MRP ₹289
meats_seafood_and_eggs,Zorabian Chicken Breast Boneless 450G,MRP ₹275,MRP ₹275
meats_seafood_and_eggs,Farm Made Foods Made Free Range Eggs 24Pcs Box,MRP ₹569,MRP ₹569
meats_seafood_and_eggs,Chicken Breast Bone Less Kg,MRP ₹295,MRP ₹295
meats_seafood_and_eggs,Zorabian Chi Pre Cut Without Skin 900G,MRP ₹295,MRP ₹295
meats_seafood_and_eggs,Zorabian Chicken Leg Boneless 450G,MRP ₹275,MRP ₹275
meats_seafood_and_eggs,Mutton Curry Cut Kg,MRP ₹257.5,MRP ₹257.5
meats_seafood_and_eggs,Farm Made Foods Made Free Range Eggs 6Pcs Carton,MRP ₹149,MRP ₹149
meats_seafood_and_eggs,White Prawns Small Kg,MRP ₹247.5,MRP ₹247.5
meats_seafood_and_eggs,Zorabian Chicken Mince 450G,MRP ₹255,MRP ₹255
meats_seafood_and_eggs,Zorabian Chi Drumstick Without Skin 500G,MRP ₹265,MRP ₹265
meats_seafood_and_eggs,Keggs Organic Eggs Pack Of6th,MRP ₹140,MRP ₹140
meats_seafood_and_eggs,Big Sams Salmon Portions 300G,MRP ₹1750,MRP ₹1750
meats_seafood_and_eggs,Atlantic Salmon Steaks Kg,MRP ₹875,MRP ₹875
meats_seafood_and_eggs,Surmai Steaks Kg,MRP ₹562.5,MRP ₹562.5
meats_seafood_and_eggs,Keggs Cage Free Tan Eggs 12 Eggs Pc,MRP ₹270,MRP ₹270
meats_seafood_and_eggs,Chicken Curry Cut Kg,MRP ₹165,MRP ₹165
meats_seafood_and_eggs,Real Good Chicken Chicken  Breast Boneless 450Gm,MRP ₹275,MRP ₹275
meats_seafood_and_eggs,Big Sams Atlantic Salmon Smoked Pre Sliced 200G Pouch,MRP ₹1595,MRP ₹1595
meats_seafood_and_eggs,Gadre Edamame 500G Pouch,MRP ₹500,MRP ₹500
meats_seafood_and_eggs,Real Good Chicken Curry Cut 900 Gm,MRP ₹295,MRP ₹295
meats_seafood_and_eggs,Zorabian Chicken Cubes 500 G,MRP ₹280,MRP ₹280
meats_seafood_and_eggs,Mega Plus Eggs 6Pc,MRP ₹87,MRP ₹87
meats_seafood_and_eggs,White Pomfret Medium Kg,MRP ₹1940,MRP ₹1940
meats_seafood_and_eggs,Big Sams Salmon Portions 200G,MRP ₹1250,MRP ₹1250
meats_seafood_and_eggs,Zorabian Chicken Mixed Boneless 450G,MRP ₹285,MRP ₹285
meats_seafood_and_eggs,Mutton Mince Kg,MRP ₹362.5,MRP ₹362.5
meats_seafood_and_eggs,Prasuma Streaky Bacon 150G Pouch,MRP ₹395,MRP ₹395
meats_seafood_and_eggs,Big Sams Smoked Salmon Slice 100G,MRP ₹950,MRP ₹950
meats_seafood_and_eggs,Zorabian Chicken Legs Without Skin 450G,MRP ₹210,MRP ₹210
snacking,Gadre Edamame 500G Pouch,MRP ₹500,MRP ₹500
snacking,Cheetos Flamingo Hot Chips 227G Pouch,MRP ₹750,MRP ₹750
snacking,Sapphire Creamy Crackers 350G,MRP ₹200,MRP ₹200
snacking,Tong Garden Party Snacks 180G,MRP ₹150,MRP ₹150
snacking,Cheetos Corn Puffs Crunchy Chips 227G,MRP ₹825,MRP ₹825
snacking,Zorabian Chicken Seekh Kebab 250G,MRP ₹190,MRP ₹190
snacking,Prasuma Chicken Momos Original 24 Pcs,₹325, ₹276.25
snacking,The Bakers Dozen Handmade Coconut Oats Cookies 150G Box,MRP ₹175,MRP ₹175
snacking,Prasuma Spicy Chicken Momos 24Pcs,₹325, ₹276.25
snacking,Lexclusif Roasted Potato Chips Salted 75G Tin,MRP ₹129,MRP ₹129
snacking,Zorabian Chicken Sausages 250G Pouch,MRP ₹170,MRP ₹170
snacking,Home Delite Ragi Chips 220G,MRP ₹220,MRP ₹220
snacking,Home Delite Beetroot Chips 220G,MRP ₹260,MRP ₹260
snacking,Yummiez Juicy Chicken Nuggets 750G Pouch,₹475, ₹450
snacking,Yummiez Juicy Chicken Nuggets 750G Pouch,₹475, ₹450
snacking,Lotus Biscoff Caramelised Biscuit 250G,MRP ₹299,MRP ₹299
snacking,Cheetos Cheese Snacks Cheddar Jalapeno 226.8G Pouch,MRP ₹825,MRP ₹825
snacking,Tong Garden Party Snack 500G,MRP ₹350,MRP ₹350
snacking,Very Berry Fruits Frozen Raspberry 150G Pouch,MRP ₹350,MRP ₹350
snacking,Yummiez Juicy Chicken Nuggets 500G Pouch,₹350, ₹325
snacking,Hb Bakers Choice  Almond Cake Rusk 200G,₹225, ₹202.5
snacking,Home Delite Roasted Yellow Banana Chips 220G,MRP ₹260,MRP ₹260
snacking,Tong Garden Salted Peanuts 400G Pkt,MRP ₹350,MRP ₹350
snacking,Tong Garden Salted Peanuts 400G Pkt,MRP ₹350,MRP ₹350
snacking,Tong Garden Salted Pistachios Snack 400G,MRP ₹1150,MRP ₹1150
snacking,Pringles Original 149G,MRP ₹325,MRP ₹325
snacking,The Bakers Dozen Dark Chocolate Cookies 200G Box,MRP ₹199,MRP ₹199
snacking,Home Delite Protein Soya Chakli 220G,MRP ₹180,MRP ₹180
snacking,Home Delite Diet Assorted Chips 220G,MRP ₹270,MRP ₹270
snacking,Home Delite Ragi Chakli 220G,MRP ₹220,MRP ₹220
thegiftstudio,Premium Dry Fruit Box,MRP ₹999,MRP ₹999
thegiftstudio,Sweet Moments Gift Box,MRP ₹999,MRP ₹999
thegiftstudio,Chocodate,MRP ₹99,MRP ₹99
thegiftstudio,Divine Delight,MRP ₹699,MRP ₹699
thegiftstudio,Occasion's Gift Box,MRP ₹299,MRP ₹299
thegiftstudio,Chocodate Large,MRP ₹199,MRP ₹199
thegiftstudio,Divine Home Hamper,MRP ₹1499,MRP ₹1499
thegiftstudio,Indi Savouries,MRP ₹999,MRP ₹999
thegiftstudio,Imperial Gift Box,MRP ₹1149,MRP ₹1149
thegiftstudio,Trunky Surprise - Mint Green,MRP ₹1700,MRP ₹1700
thegiftstudio,Choti Diwali Festive Box,MRP ₹799,MRP ₹799
thegiftstudio,Incense Ambrosia,MRP ₹1299,MRP ₹1299
thegiftstudio,Midnight Lotus Gift Box,MRP ₹799,MRP ₹799
thegiftstudio,Sabse Choti Diwali Festive Box,MRP ₹549,MRP ₹549
thegiftstudio,Organic Rangoli With Stencil Large,MRP ₹249,MRP ₹249
thegiftstudio,Guilt Free Indulgence,MRP ₹1849,MRP ₹1849
thegiftstudio,Food Lovers Box,MRP ₹3899,MRP ₹3899
thegiftstudio,Organic Rangoli With Stencil Small,MRP ₹149,MRP ₹149
thegiftstudio,Guilt Free Gift Bag,MRP ₹1099,MRP ₹1099
thegiftstudio,Dhoop - Set Of 2,MRP ₹299,MRP ₹299
thegiftstudio,12 Am Stash,MRP ₹999,MRP ₹999
thegiftstudio,Sweet Delight,MRP ₹1049,MRP ₹1049
thegiftstudio,Spill The Beans,MRP ₹2199,MRP ₹2199
thegiftstudio,The Luxury Superfood Hamper,MRP ₹6599,MRP ₹6599
thegiftstudio,Coffee & Cookie Bag,MRP ₹949,MRP ₹949
thegiftstudio,Party Buddy,MRP ₹1099,MRP ₹1099
thegiftstudio,Stash Bag,MRP ₹799,MRP ₹799
thegiftstudio,Nutty Bag,MRP ₹1049,MRP ₹1049
thegiftstudio,Bag Of Treats,MRP ₹1149,MRP ₹1149
thegiftstudio,Be Infused,MRP ₹2649,MRP ₹2649
worldfoods,Colavita Extra Virgin Olive Oil 1L Bottle,MRP ₹2495,MRP ₹2495
worldfoods,Borges Olive Oil Glass Bottle 1 L,₹1350, ₹1170
worldfoods,Barilla Spaghetti Pasta 500G Box,MRP ₹329,MRP ₹329
worldfoods,Shitake Mushroom,MRP ₹3299,MRP ₹3299
worldfoods,Borges Extra Virgin Olive Oil 2L Pet,MRP ₹2700,MRP ₹2700
worldfoods,Colavita Extra Virg Olive Oil Pet 500Ml,MRP ₹1495,MRP ₹1495
worldfoods,Salsalito Original Tortilla Wrap 348G,MRP ₹190,MRP ₹190
worldfoods,Borges Extra Virgin Olive Oil Pet 500Ml,MRP ₹1050,MRP ₹1050
worldfoods,Borges Extra Virgin Olive Oil Jar 250Ml,₹400, ₹364
worldfoods,Brown Shimeji Mushroom,MRP ₹494.85,MRP ₹494.85
worldfoods,Wingreens Original Olive Hummus 150G,₹200, ₹134
worldfoods,Barilla Basilico Pasta Sauce 400G,MRP ₹499,MRP ₹499
worldfoods,Mushroom Shi-Meji White Kg 125G,MRP ₹412.38,MRP ₹412.38
worldfoods,Enoki Mushroom,MRP ₹3399,MRP ₹3399
worldfoods,Black And Green Avocado Oil 500Ml Bottle,MRP ₹1599,MRP ₹1599
worldfoods,Wingreens Farms Basil Pesto 150G,MRP ₹250,MRP ₹250
worldfoods,Barilla Arrabiata Pasta Sauce 400G,MRP ₹499,MRP ₹499
worldfoods,Bertolli Extra Light Olive Oil Jar 2Ltr,MRP ₹4299,MRP ₹4299
worldfoods,Barilla Penne Rigate Pasta 500G Box,MRP ₹329,MRP ₹329
worldfoods,Carbamide Forte Coconut Oil 500Ml Jar,MRP ₹679,MRP ₹679
worldfoods,Dabur Hommade Coconut Milk 200Ml Pouch,MRP ₹75,MRP ₹75
worldfoods,Rafael Salgado Extra Light Olive Oil 2L Bottle,₹3339, ₹2470.86
worldfoods,Borges Pure Olive Oil 1L Bottle,₹1350, ₹1170
worldfoods,Sorrentina Italian Garlic Hummus 200 G,₹299, ₹259
worldfoods,Wingreens Farms Dill Tzatziki 150G,MRP ₹200,MRP ₹200
worldfoods,Wingreens Farms Garlic Dip 150G,₹200, ₹134
worldfoods,Nongshim Shn Rmyn Noodle Soup 5In1 600G,MRP ₹599,MRP ₹599
worldfoods,Barilla Napoletana Pasta Pizza Sauce 400G Pouch,MRP ₹499,MRP ₹499
worldfoods,Imported Portobello Mushroom,MRP ₹4999,MRP ₹4999
worldfoods,Bragg Organic Apple Cider Vinegar With Mother 32Oz Bottle,MRP ₹1390,MRP ₹1390
